timestamp,service,endpoint,duration,status
10:00:01,api,/login,120,200
10:00:02,api,/trade,850,200
10:00:03,api,/login,1500,500
10:00:04,web,/login,300,200
10:00:05,api,/trade,1200,503
10:00:06,api,/login,200,200
10:00:07,api,/trade,2000,200
10:00:08,web,/search,900,200
10:00:09,api,/login,1800,503
10:00:01,api,/login,120,200
10:00:02,api,/trade,850,200
10:00:03,api,/login,1500,200
10:00:04,web,/login,1300,200
10:00:05,api,/trade,1200,203
10:00:06,api,/login,200,200
10:00:07,api,/trade,2000,200
10:00:08,web,/search,900,200
10:00:09,api,/login,1800,503